Date,Value
1948,11383
1949,12120
1950,12684
1951,14241
1952,15467
1953,16607
1954,17517
1955,19083
1956,20754
1957,22009
1958,23119
1959,24283
1960,26091
1961,27803
1962,29114
1963,30971
1964,33909
1965,36684
1966,39242
1967,41513
1968,45621
1969,49573
1970,55834
1971,62636
1972,70309
1973,81480
1974,92302
1975,114621
1976,136441
1977,159138
1978,185403
1979,220086
1980,258927
1981,289390
1982,318730
1983,350483
1984,377081
1985,413783
1986,445750
1987,496075
1988,555124
1989,614245
1990,670331
1991,705165
1992,730156
1993,769169
1994,810165
1995,851390
1996,909894
1997,954275
1998,998676
1999,1042219
2000,1100367
2001,1145871
2002,1189667
2003,1257397
2004,1321889
2005,1397632
2006,1472264
2007,1546393
2008,1597786
2009,1556801
2010,1615304
2011,1670576
2012,1723202
2013,1792584
2014,1877018
2015,1928920
2016,2005533
2017,2102410
2018,2178105
2019,2263433
2020,2131729
2021,2332847
2022,2590757
2023,2766446
2024,2904950
2025,3044594